{"Episode_Reward/joint_deviation_hip_roll":-0.005184975452721119,"Episode_Reward/termination_penalty":0,"Loss/learning_rate":0.0002562890625000001,"Episode_Reward/foot_clearance":-0.041002631187438965,"Perf/total_fps":42782,"Episode_Reward/flat_orientation_l2":-0.0031615006737411022,"Curriculum/command_vel/ang_vel_z_min":-0.30000001192092896,"Episode_Reward/body_ang_vel":-0.007930978201329708,"Episode_Reward/track_linear_velocity":1.8057969808578491,"Metrics/air_time_mean":0.07176858931779861,"_runtime":15010.016277673,"Train/mean_episode_length":990.79,"_wandb":{"runtime":15010},"Policy/mean_noise_std":1.2881271839141846,"Episode_Reward/undesired_contacts":-0.32543057203292847,"Episode_Reward/pose":0.7755988836288452,"Metrics/slip_velocity_mean":0.12225862592458725,"Episode_Reward/foot_swing_height":-0.006813797168433666,"Curriculum/command_vel/lin_vel_y_min":0,"Episode_Metrics/test1":70.2343978881836,"Episode_Reward/dof_pos_limits":0,"Episode_Reward/self_collisions":-0.0038645833265036345,"Episode_Reward/joint_deviation_hip_yaw":-0.013527519069612026,"Episode_Reward/soft_landing":-0.0002555865212343633,"Train/mean_reward":54.763695104122164,"Episode_Reward/action_rate_l2":-0.5618753433227539,"Episode_Reward/dof_acc_l2":-0.012465505860745907,"Loss/value":0.01470466172322631,"Loss/surrogate":-0.010515443579060956,"Loss/entropy":33.13198051452637,"Episode_Reward/air_time":0.05299094319343567,"Episode_Reward/lin_vel_z_l2":-0.014510802924633026,"Episode_Reward/angular_momentum":-0.06611134111881256,"Metrics/twist/error_vel_xy":0.29594263434410095,"_step":11999,"Episode_Reward/stand_still":-0.020867502316832542,"Episode_Reward/track_angular_velocity":0.35348281264305115,"Metrics/landing_force_mean":349.76885986328125,"Episode_Reward/foot_slip":-0.019441083073616028,"Perf/learning_time":0.08499979972839355,"Curriculum/command_vel/lin_vel_x_max":1,"Curriculum/command_vel/lin_vel_y_max":0,"Curriculum/command_vel/ang_vel_z_max":0.30000001192092896,"Episode_Reward/dof_torques_l2":-0.023485740646719933,"Metrics/twist/error_vel_yaw":0.751986026763916,"Curriculum/command_vel/lin_vel_x_min":0,"Metrics/peak_height_mean":0.05174020305275917,"Perf/collection_time":1.0638928413391113,"Metrics/angular_momentum_mean":1.6069207191467285,"_timestamp":1.7736899768526485e+09,"Episode_Reward/joint_deviation_arms":-0.05990862846374512,"Episode_Termination/fell_over":0,"Episode_Reward/upright":0.9937188029289246,"Episode_Termination/time_out":2.8333334922790527}